-- MariaDB dump 10.18  Distrib 10.5.8-MariaDB, for debian-linux-gnu (x86_64)
--
-- Host: localhost    Database: circulation_history_development
-- ------------------------------------------------------
-- Server version	10.5.8-MariaDB-1:10.5.8+maria~focal

/*!40101 SET @OLD_CHARACTER_SET_CLIENT=@@CHARACTER_SET_CLIENT */;
/*!40101 SET @OLD_CHARACTER_SET_RESULTS=@@CHARACTER_SET_RESULTS */;
/*!40101 SET @OLD_COLLATION_CONNECTION=@@COLLATION_CONNECTION */;
/*!40101 SET NAMES utf8mb4 */;
/*!40103 SET @OLD_TIME_ZONE=@@TIME_ZONE */;
/*!40103 SET TIME_ZONE='+00:00' */;
/*!40014 SET @OLD_UNIQUE_CHECKS=@@UNIQUE_CHECKS, UNIQUE_CHECKS=0 */;
/*!40014 SET @OLD_FOREIGN_KEY_CHECKS=@@FOREIGN_KEY_CHECKS, FOREIGN_KEY_CHECKS=0 */;
/*!40101 SET @OLD_SQL_MODE=@@SQL_MODE, SQL_MODE='NO_AUTO_VALUE_ON_ZERO' */;
/*!40111 SET @OLD_SQL_NOTES=@@SQL_NOTES, SQL_NOTES=0 */;

--
-- Table structure for table `ar_internal_metadata`
--

DROP TABLE IF EXISTS `ar_internal_metadata`;
/*!40101 SET @saved_cs_client     = @@character_set_client */;
/*!40101 SET character_set_client = utf8 */;
CREATE TABLE `ar_internal_metadata` (
  `key` varchar(255) NOT NULL,
  `value` varchar(255) DEFAULT NULL,
  `created_at` datetime(6) NOT NULL,
  `updated_at` datetime(6) NOT NULL,
  PRIMARY KEY (`key`)
) ENGINE=InnoDB DEFAULT CHARSET=utf8mb4;
/*!40101 SET character_set_client = @saved_cs_client */;

--
-- Dumping data for table `ar_internal_metadata`
--

LOCK TABLES `ar_internal_metadata` WRITE;
/*!40000 ALTER TABLE `ar_internal_metadata` DISABLE KEYS */;
INSERT INTO `ar_internal_metadata` VALUES ('environment','development','2021-05-20 15:47:48.125785','2021-05-20 15:47:48.125785');
/*!40000 ALTER TABLE `ar_internal_metadata` ENABLE KEYS */;
UNLOCK TABLES;

--
-- Table structure for table `auth_tokens`
--

DROP TABLE IF EXISTS `auth_tokens`;
/*!40101 SET @saved_cs_client     = @@character_set_client */;
/*!40101 SET character_set_client = utf8 */;
CREATE TABLE `auth_tokens` (
  `id` bigint(20) NOT NULL AUTO_INCREMENT,
  `token` varchar(255) DEFAULT NULL,
  `name` varchar(255) DEFAULT NULL,
  `created_at` datetime(6) NOT NULL,
  `updated_at` datetime(6) NOT NULL,
  PRIMARY KEY (`id`)
) ENGINE=InnoDB AUTO_INCREMENT=2 DEFAULT CHARSET=utf8mb4;
/*!40101 SET character_set_client = @saved_cs_client */;

--
-- Dumping data for table `auth_tokens`
--

LOCK TABLES `auth_tokens` WRITE;
/*!40000 ALTER TABLE `auth_tokens` DISABLE KEYS */;
INSERT INTO `auth_tokens` VALUES (1,'circulation_history_api_key','patron-account','2021-05-21 19:36:29.029590','2021-05-21 19:36:29.029590');
/*!40000 ALTER TABLE `auth_tokens` ENABLE KEYS */;
UNLOCK TABLES;

--
-- Table structure for table `loans`
--

DROP TABLE IF EXISTS `loans`;
/*!40101 SET @saved_cs_client     = @@character_set_client */;
/*!40101 SET character_set_client = utf8 */;
CREATE TABLE `loans` (
  `id` varchar(255) NOT NULL,
  `user_uniqname` varchar(255) NOT NULL,
  `title` varchar(255) DEFAULT NULL,
  `author` varchar(255) DEFAULT NULL,
  `mms_id` varchar(255) DEFAULT NULL,
  `return_date` datetime DEFAULT NULL,
  `checkout_date` datetime DEFAULT NULL,
  `created_at` datetime(6) NOT NULL,
  `updated_at` datetime(6) NOT NULL,
  `barcode` varchar(255) DEFAULT NULL,
  `call_number` varchar(255) DEFAULT NULL,
  `description` varchar(255) DEFAULT NULL,
  PRIMARY KEY (`id`),
  KEY `index_loans_on_user_uniqname` (`user_uniqname`),
  CONSTRAINT `fk_rails_4360ce5720` FOREIGN KEY (`user_uniqname`) REFERENCES `users` (`uniqname`)
) ENGINE=InnoDB DEFAULT CHARSET=utf8mb4;
/*!40101 SET character_set_client = @saved_cs_client */;

--
-- Dumping data for table `loans`
--

LOCK TABLES `loans` WRITE;
/*!40000 ALTER TABLE `loans` DISABLE KEYS */;
INSERT INTO `loans` VALUES ('01OzvgoZqLgIIXAd','mlibrary.acct.testing2@gmail.com','Stranger in a Strange Land','Allan Bahringer','994417556851266381','2019-05-24 04:00:00','2019-05-05 04:00:00','2021-05-20 15:47:48.545984','2021-05-20 15:47:48.545984','6303039943908560','call number',''),('0uzrSh9YO3ies6TL','mlibrary.acct.testing2@gmail.com','An Evil Cradling','Carlyn Huel V','994318563854136381','2019-07-29 04:00:00','2019-07-15 04:00:00','2021-05-20 15:47:48.568020','2021-05-20 15:47:48.568020','6999499903815997','call number',''),('0XI7NTY8KLyqOYjD','mlibrary.acct.testing1@gmail.com','A Swiftly Tilting Planet','Alisa Wunsch','997614920520646381','2020-06-29 04:00:00','2020-05-10 04:00:00','2021-05-20 15:47:48.361274','2021-05-20 15:47:48.361274','1367616756785228','call number',''),('3y9mCw3JqGOIF1F3','mlibrary.acct.testing1@gmail.com','Taming a Sea Horse','Milo Swift','995231801803596381','2019-08-23 04:00:00','2019-07-22 04:00:00','2021-05-20 15:47:48.394536','2021-05-20 15:47:48.394536','1987592965452380','call number',''),('48iwoW1ZEymXeXGZ','mlibrary.acct.testing2@gmail.com','Let Us Now Praise Famous Men','Shenita Moen Esq.','993568277215466381','2020-02-29 05:00:00','2020-02-27 05:00:00','2021-05-20 15:47:48.584688','2021-05-20 15:47:48.584688','7110964757868119','call number',''),('4ZIxg69BQPpfQVJa','mlibrary.acct.testing1@gmail.com','The Proper Study','Glynis Prohaska','993647675540006381','2020-12-13 05:00:00','2020-11-01 04:00:00','2021-05-20 15:47:48.369113','2021-05-20 15:47:48.369113','7172941030464100','call number',''),('5GDw15np6pfraxOo','mlibrary.acct.testing2@gmail.com','Pale Kings and Princes','Maryland Wiza','995917638131556381','2021-01-31 05:00:00','2021-01-05 05:00:00','2021-05-20 15:47:48.556200','2021-05-20 15:47:48.556200','5997044563308812','call number',''),('5tcxfyf3bQkkdFzu','mlibrary.acct.testing2@gmail.com','Surprised by Joy','Mrs. Tuan Labadie','994180656406006381','2019-11-01 04:00:00','2019-10-01 04:00:00','2021-05-20 15:47:48.500355','2021-05-20 15:47:48.500355','1046000782787963','call number',''),('6CRcKJh84TsSMi00','mlibrary.acct.testing3@gmail.com','The Line of Beauty','Justin Witting','998251391767996381','2021-02-22 05:00:00','2021-01-05 05:00:00','2021-05-20 15:47:48.611870','2021-05-20 15:47:48.611870','8061026491050750','call number',''),('7vj6amGWGUhouj2d','mlibrary.acct.testing1@gmail.com','Noli Me Tangere','Kennith King','999488734069686381','2020-03-12 04:00:00','2020-03-02 05:00:00','2021-05-20 15:47:48.324894','2021-05-20 15:47:48.324894','3494197581217818','call number',''),('8CdZbqrFGZBrbMNu','mlibrary.acct.testing3@gmail.com','Taming a Sea Horse','Rossana Ankunding','996733261912416381','2020-12-08 05:00:00','2020-12-05 05:00:00','2021-05-20 15:47:48.729181','2021-05-20 15:47:48.729181','3621911228165822','call number',''),('8r8xkBKsvqKpgACq','mlibrary.acct.testing2@gmail.com','Blood\'s a Rover','Ruben Crooks','995209849151286381','2020-09-16 04:00:00','2020-09-04 04:00:00','2021-05-20 15:47:48.483585','2021-05-20 15:47:48.483585','4051675731011052','call number',''),('AFZYl58HUOlmxno0','mlibrary.acct.testing1@gmail.com','In a Glass Darkly','Arianna Bogan','999200334626566381','2019-12-17 05:00:00','2019-11-26 05:00:00','2021-05-20 15:47:48.327933','2021-05-20 15:47:48.327933','5888571507381794','call number',''),('aQwlK2uLIDcDHe8j','mlibrary.acct.testing3@gmail.com','Unweaving the Rainbow','Dustin Koch','996244189219106381','2021-04-25 04:00:00','2021-03-24 04:00:00','2021-05-20 15:47:48.714029','2021-05-20 15:47:48.714029','8132179853808425','call number',''),('AUMhhrYClBGnz4eS','mlibrary.acct.testing3@gmail.com','The Stars\' Tennis Balls','Natalia Brakus','992370851390496381','2020-10-26 04:00:00','2020-09-27 04:00:00','2021-05-20 15:47:48.725708','2021-05-20 15:47:48.725708','2120387996142394','call number',''),('AUN83uuSH4R2Zk3A','mlibrary.acct.testing3@gmail.com','Tirra Lirra by the River','Rep. Major Leuschke','991812880753156381','2020-10-13 04:00:00','2020-08-28 04:00:00','2021-05-20 15:47:48.670754','2021-05-20 15:47:48.670754','7857607770408290','call number',''),('b2xswj7hjp1PGRX6','mlibrary.acct.testing3@gmail.com','The Golden Bowl','Logan Hahn','994945912858656381','2020-11-08 05:00:00','2020-10-19 04:00:00','2021-05-20 15:47:48.641692','2021-05-20 15:47:48.641692','7636645502504940','call number',''),('BKC3rztiLurVcfmC','mlibrary.acct.testing3@gmail.com','O Jerusalem!','Tad Hilpert II','992373799231156381','2020-07-28 04:00:00','2020-07-08 04:00:00','2021-05-20 15:47:48.608568','2021-05-20 15:47:48.608568','3054475112929753','call number',''),('bvNgVEJf6zzKa5Pf','mlibrary.acct.testing2@gmail.com','Terrible Swift Sword','Mickey Cronin','998186331864356381','2020-09-15 04:00:00','2020-08-04 04:00:00','2021-05-20 15:47:48.521485','2021-05-20 15:47:48.521485','6963612799715221','call number',''),('c8BNTagSgUc5PXAC','mlibrary.acct.testing1@gmail.com','I Will Fear No Evil','The Hon. Evonne Hilpert','992005509840506381','2020-05-25 04:00:00','2020-04-30 04:00:00','2021-05-20 15:47:48.410795','2021-05-20 15:47:48.410795','4060869997885102','call number',''),('CIAlyAtekUkCFDIC','mlibrary.acct.testing2@gmail.com','The Violent Bear It Away','Lillian Lemke Esq.','999293631244086381','2021-05-13 04:00:00','2021-03-25 04:00:00','2021-05-20 15:47:48.470401','2021-05-20 15:47:48.470401','2083414720114576','call number',''),('CPdzTi75rKM39Tmk','mlibrary.acct.testing1@gmail.com','Frequent Hearses','Jarrett Parker DDS','999705251315436381','2020-09-04 04:00:00','2020-08-20 04:00:00','2021-05-20 15:47:48.380805','2021-05-20 15:47:48.380805','4436835204090862','call number',''),('d36qvDXEiMjCACJX','mlibrary.acct.testing2@gmail.com','Great Work of Time','Macie Wiza','996809118422366381','2019-11-25 05:00:00','2019-10-14 04:00:00','2021-05-20 15:47:48.457583','2021-05-20 15:47:48.457583','1648908226107147','call number',''),('D5B97b3VN3sSYftl','mlibrary.acct.testing3@gmail.com','Rosemary Sutcliff','Mrs. Francine Schulist','997376166962186381','2020-07-26 04:00:00','2020-07-07 04:00:00','2021-05-20 15:47:48.592590','2021-05-20 15:47:48.592590','2987966234253298','call number',''),('dqPRVx27ywDnTYRe','mlibrary.acct.testing2@gmail.com','From Here to Eternity','Pres. Esta Conn','994644862327356381','2020-09-12 04:00:00','2020-09-06 04:00:00','2021-05-20 15:47:48.467162','2021-05-20 15:47:48.467162','7625924071549486','call number',''),('dvxlaEy7uVqODmbp','mlibrary.acct.testing3@gmail.com','The Other Side of Silence','Vicenta Cremin','991559933992556381','2019-06-29 04:00:00','2019-05-10 04:00:00','2021-05-20 15:47:48.624644','2021-05-20 15:47:48.624644','3074156148868549','call number',''),('e8zTmjL9eTRfhRJy','mlibrary.acct.testing3@gmail.com','Precious Bane','Bennett Bosco','999522450625106381','2020-10-29 04:00:00','2020-10-10 04:00:00','2021-05-20 15:47:48.589482','2021-05-20 15:47:48.589482','2323857535697823','call number',''),('eHDjYNqHtX0Xc49n','mlibrary.acct.testing3@gmail.com','The Golden Apples of the Sun','Maryetta Rowe DVM','997384328516786381','2019-09-15 04:00:00','2019-08-03 04:00:00','2021-05-20 15:47:48.662297','2021-05-20 15:47:48.662297','2697295140840042','call number',''),('fbIwr26itQSMDPKj','mlibrary.acct.testing3@gmail.com','After Many a Summer Dies the Swan','Gino Hagenes','997112592475756381','2020-03-22 04:00:00','2020-03-10 04:00:00','2021-05-20 15:47:48.621443','2021-05-20 15:47:48.621443','9579577335040791','call number',''),('fBuAbAbsdwcTbk72','mlibrary.acct.testing1@gmail.com','The Green Bay Tree','Ping Lynch','993632144241816381','2019-09-01 04:00:00','2019-07-25 04:00:00','2021-05-20 15:47:48.351096','2021-05-20 15:47:48.351096','5156895723636062','call number',''),('fJckGn1WR7JTeMqX','mlibrary.acct.testing2@gmail.com','Ring of Bright Water','Stacia Ferry','991350188669136381','2020-05-04 04:00:00','2020-04-10 04:00:00','2021-05-20 15:47:48.551313','2021-05-20 15:47:48.551313','7133096897825855','call number',''),('FKrt9kthCfeCamka','mlibrary.acct.testing1@gmail.com','A Scanner Darkly','Amanda Blick','998302876893706381','2020-07-12 04:00:00','2020-05-26 04:00:00','2021-05-20 15:47:48.377215','2021-05-20 15:47:48.377215','9400648442002874','call number',''),('HIZrh7eqZBnA4Gs3','mlibrary.acct.testing3@gmail.com','A Handful of Dust','Gov. Luther Luettgen','997094039832546381','2019-12-06 05:00:00','2019-12-04 05:00:00','2021-05-20 15:47:48.718746','2021-05-20 15:47:48.718746','9325898624738604','call number',''),('Hj7nHTgKfLoeIZ8b','mlibrary.acct.testing1@gmail.com','Brandy of the Damned','Twanda Wuckert','997982144876666381','2020-09-10 04:00:00','2020-09-07 04:00:00','2021-05-20 15:47:48.449241','2021-05-20 15:47:48.449241','1919975768056457','call number',''),('hTFqHCxclGXaTkC7','mlibrary.acct.testing3@gmail.com','Oh! To be in England','Cary Kuvalis','995762846573446381','2020-03-21 04:00:00','2020-02-14 05:00:00','2021-05-20 15:47:48.685853','2021-05-20 15:47:48.685853','7842358657180782','call number',''),('hZGXjfaDUPVl3x1b','mlibrary.acct.testing3@gmail.com','An Acceptable Time','Shakia Mayert','997638498328776381','2020-07-16 04:00:00','2020-06-10 04:00:00','2021-05-20 15:47:48.695937','2021-05-20 15:47:48.695937','3312457193120971','call number',''),('i5AR94kIKIWU63pK','mlibrary.acct.testing1@gmail.com','The Violent Bear It Away','Brock Pouros','997250870820856381','2019-07-05 04:00:00','2019-06-19 04:00:00','2021-05-20 15:47:48.427187','2021-05-20 15:47:48.427187','6152606836642454','call number',''),('igNUaH5MiyzvtTKd','mlibrary.acct.testing1@gmail.com','The Lathe of Heaven','Shameka Rath','994742369414686381','2020-02-11 05:00:00','2020-01-05 05:00:00','2021-05-20 15:47:48.387708','2021-05-20 15:47:48.387708','9309810146710866','call number',''),('ILYVSXDxV3hyRyXV','mlibrary.acct.testing1@gmail.com','The Road Less Traveled','Jimmy Runolfsdottir III','997208031510446381','2019-09-01 04:00:00','2019-08-17 04:00:00','2021-05-20 15:47:48.417065','2021-05-20 15:47:48.417065','8137985594617478','call number',''),('IwCydKUpM10WDrXt','mlibrary.acct.testing3@gmail.com','Ring of Bright Water','Dr. Morgan Nikolaus','991851856089446381','2019-09-08 04:00:00','2019-08-06 04:00:00','2021-05-20 15:47:48.595882','2021-05-20 15:47:48.595882','6803394821483283','call number',''),('JH5RjaeKoobbOlUM','mlibrary.acct.testing2@gmail.com','Consider Phlebas','Mao Rowe','999082137708736381','2020-08-16 04:00:00','2020-07-15 04:00:00','2021-05-20 15:47:48.525449','2021-05-20 15:47:48.525449','6034943843090262','call number',''),('jSzxoVrT94D6p6EA','mlibrary.acct.testing1@gmail.com','That Hideous Strength','Mrs. Bob Cruickshank','995485878228046381','2020-05-06 04:00:00','2020-04-07 04:00:00','2021-05-20 15:47:48.365172','2021-05-20 15:47:48.365172','4117168906913306','call number',''),('Jtl9ZOwpaQ8gk49P','mlibrary.acct.testing1@gmail.com','The Moving Toyshop','Ceola Hermann','992653039372816381','2019-12-21 05:00:00','2019-11-16 05:00:00','2021-05-20 15:47:48.420638','2021-05-20 15:47:48.420638','6369382913422221','call number',''),('KJbanYYoqZKwSmWF','mlibrary.acct.testing2@gmail.com','Far From the Madding Crowd','Mayola Jerde','991802485226526381','2021-02-11 05:00:00','2021-01-06 05:00:00','2021-05-20 15:47:48.514177','2021-05-20 15:47:48.514177','1030196003660697','call number',''),('KQnXuzUrm1qhsMJ5','mlibrary.acct.testing3@gmail.com','Alone on a Wide, Wide Sea','Amb. Jone Legros','995407680853676381','2020-11-15 05:00:00','2020-11-09 05:00:00','2021-05-20 15:47:48.602222','2021-05-20 15:47:48.602222','6100713119650360','call number',''),('KR9inlQi82wFjXv7','mlibrary.acct.testing1@gmail.com','The Wings of the Dove','Yetta Crona V','995951361892246381','2019-11-16 05:00:00','2019-10-11 04:00:00','2021-05-20 15:47:48.384554','2021-05-20 15:47:48.384554','4415159680602334','call number',''),('kvX6vamuOeyX8t44','mlibrary.acct.testing2@gmail.com','Françoise Sagan','Camelia Bosco','996699268231176381','2019-10-14 04:00:00','2019-09-01 04:00:00','2021-05-20 15:47:48.493845','2021-05-20 15:47:48.493845','2336492567472570','call number',''),('mjFvBOrNJA5wGA7r','mlibrary.acct.testing1@gmail.com','The Heart Is a Lonely Hunter','Natasha Bins','996901063423016381','2020-04-18 04:00:00','2020-04-09 04:00:00','2021-05-20 15:47:48.356401','2021-05-20 15:47:48.356401','5995859662225773','call number',''),('MmfBoIMD0LElt3Sz','mlibrary.acct.testing2@gmail.com','Blithe Spirit','Ms. Danilo Conroy','997620633778086381','2019-10-18 04:00:00','2019-09-29 04:00:00','2021-05-20 15:47:48.517955','2021-05-20 15:47:48.517955','7911373307768815','call number',''),('mo42GGbvkquY9WQv','mlibrary.acct.testing3@gmail.com','All Passion Spent','Jona Treutel','993552422309196381','2019-11-20 05:00:00','2019-10-26 04:00:00','2021-05-20 15:47:48.654626','2021-05-20 15:47:48.654626','5620102728454361','call number',''),('MzF8jnscY208rZeT','mlibrary.acct.testing3@gmail.com','The Green Bay Tree','The Hon. Carina Weber','999962504442126381','2021-02-28 05:00:00','2021-01-19 05:00:00','2021-05-20 15:47:48.615249','2021-05-20 15:47:48.615249','6918096213516481','call number',''),('nh5PblS6QMhhwMy1','mlibrary.acct.testing2@gmail.com','Sleep the Brave','Amb. Moises Corwin','993885596523796381','2020-07-12 04:00:00','2020-06-14 04:00:00','2021-05-20 15:47:48.506815','2021-05-20 15:47:48.506815','2972782014253768','call number',''),('np6a2CyYXdXYxd2p','mlibrary.acct.testing1@gmail.com','A Time of Gifts','Ramona Berge','999325249427986381','2021-02-21 05:00:00','2021-01-08 05:00:00','2021-05-20 15:47:48.413943','2021-05-20 15:47:48.413943','1461869510468724','call number',''),('nVtgx7b8xlyyprhA','mlibrary.acct.testing3@gmail.com','Down to a Sunless Sea','Lisbeth Berge','991177173152706381','2020-09-02 04:00:00','2020-08-13 04:00:00','2021-05-20 15:47:48.605279','2021-05-20 15:47:48.605279','8362696485862136','call number',''),('OqXzDPYyXSKbebWp','mlibrary.acct.testing1@gmail.com','By Grand Central Station I Sat Down and Wept','Prof. Markus Schmitt','995642409710686381','2020-02-21 05:00:00','2020-02-16 05:00:00','2021-05-20 15:47:48.343954','2021-05-20 15:47:48.343954','4662316266703223','call number',''),('P10yYP16kftiOUlg','mlibrary.acct.testing1@gmail.com','Some Buried Caesar','Jeanetta Ryan','996197330217456381','2019-11-30 05:00:00','2019-11-27 05:00:00','2021-05-20 15:47:48.321041','2021-05-20 15:47:48.321041','2846004126773380','call number',''),('paRRV44wOWh52wKL','mlibrary.acct.testing1@gmail.com','I Know Why the Caged Bird Sings','Art McDermott','991579369159826381','2019-06-17 04:00:00','2019-05-08 04:00:00','2021-05-20 15:47:48.404491','2021-05-20 15:47:48.404491','3729589970969342','call number',''),('pCfM8zyc98bn1vd3','mlibrary.acct.testing2@gmail.com','Everything is Illuminated','Inge McKenzie','992296918831536381','2020-09-20 04:00:00','2020-09-18 04:00:00','2021-05-20 15:47:48.480186','2021-05-20 15:47:48.480186','4083171577999272','call number',''),('pDWiiVWioJUEaxNt','mlibrary.acct.testing1@gmail.com','The Yellow Meads of Asphodel','Yessenia Russel VM','991100770102186381','2021-04-29 04:00:00','2021-04-13 04:00:00','2021-05-20 15:47:48.445481','2021-05-20 15:47:48.445481','7339390478847266','call number',''),('pkqtKtOQv6VawpmN','mlibrary.acct.testing3@gmail.com','Jesting Pilate','Sydney Keeling','993596551586666381','2019-08-25 04:00:00','2019-08-01 04:00:00','2021-05-20 15:47:48.722238','2021-05-20 15:47:48.722238','2133614124254975','call number',''),('pM8GiliCjBz5mlIJ','mlibrary.acct.testing3@gmail.com','By Grand Central Station I Sat Down and Wept','Malika Kshlerin','993016550100736381','2020-09-17 04:00:00','2020-08-28 04:00:00','2021-05-20 15:47:48.699621','2021-05-20 15:47:48.699621','6873417444789874','call number',''),('PO5G3DgBsU5H1iVD','mlibrary.acct.testing1@gmail.com','A Summer Bird-Cage','Jerrie Quigley','995477103179736381','2020-03-13 04:00:00','2020-02-11 05:00:00','2021-05-20 15:47:48.373089','2021-05-20 15:47:48.373089','1831202708375280','call number',''),('QmXSzFi738wM9Jlz','mlibrary.acct.testing2@gmail.com','The Monkey\'s Raincoat','Lakeshia Kling','997291285269986381','2019-06-23 04:00:00','2019-05-27 04:00:00','2021-05-20 15:47:48.497064','2021-05-20 15:47:48.497064','1418140534695237','call number',''),('qYai7H3FBhCA8hff','mlibrary.acct.testing2@gmail.com','What\'s Become of Waring','Gov. Shelley Lesch','991249883647176381','2019-08-23 04:00:00','2019-07-29 04:00:00','2021-05-20 15:47:48.510028','2021-05-20 15:47:48.510028','2023092616037625','call number',''),('QYcEeDOlGDOdhtgn','mlibrary.acct.testing3@gmail.com','Look Homeward, Angel','Roscoe Streich DC','997183160056816381','2020-05-15 04:00:00','2020-03-27 04:00:00','2021-05-20 15:47:48.658609','2021-05-20 15:47:48.658609','1731676180395988','call number',''),('RAytGEoR49MAhrEG','mlibrary.acct.testing3@gmail.com','Blue Remembered Earth','Don Green MD','991041305290186381','2021-03-19 04:00:00','2021-01-30 05:00:00','2021-05-20 15:47:48.599006','2021-05-20 15:47:48.599006','2552719607589848','call number',''),('redNJAf15F0rYNdL','mlibrary.acct.testing3@gmail.com','The Mirror Crack\'d from Side to Side','Fr. Tisha Russel','995563382550486381','2019-10-26 04:00:00','2019-09-20 04:00:00','2021-05-20 15:47:48.666062','2021-05-20 15:47:48.666062','9847448531307487','call number',''),('rHnJ8tc6pBxRkaTp','mlibrary.acct.testing2@gmail.com','Consider Phlebas','Sharika O\'Connell','992906616727296381','2021-05-07 04:00:00','2021-05-07 04:00:00','2021-05-20 15:47:48.476926','2021-05-20 15:47:48.476926','4638938928002467','call number',''),('RuHCx6MhmQ7ygFas','mlibrary.acct.testing1@gmail.com','The Way Through the Woods','Ron Stiedemann','999978289863396381','2021-03-26 04:00:00','2021-02-06 05:00:00','2021-05-20 15:47:48.334311','2021-05-20 15:47:48.334311','3576843671551441','call number',''),('sDkZ1JVYmH4pTCnf','mlibrary.acct.testing1@gmail.com','A Glass of Blessings','Eugene King','996972046828086381','2020-03-31 04:00:00','2020-03-23 04:00:00','2021-05-20 15:47:48.439287','2021-05-20 15:47:48.439287','8256407565238945','call number',''),('SDXAAsqKSrClBjeu','mlibrary.acct.testing3@gmail.com','Tirra Lirra by the River','Shanda Bergstrom','991818981793196381','2019-12-08 05:00:00','2019-11-02 04:00:00','2021-05-20 15:47:48.634533','2021-05-20 15:47:48.634533','2354932136366999','call number',''),('sLk1dQiRSWs1F6wn','mlibrary.acct.testing1@gmail.com','After Many a Summer Dies the Swan','Rosendo Ritchie','992069247400626381','2020-01-22 05:00:00','2019-12-08 05:00:00','2021-05-20 15:47:48.397581','2021-05-20 15:47:48.397581','6221995457154169','call number',''),('sq7zK8b6Gha59zKR','mlibrary.acct.testing2@gmail.com','The Torment of Others','Idella Terry','994958623045746381','2019-05-29 04:00:00','2019-04-10 04:00:00','2021-05-20 15:47:48.503566','2021-05-20 15:47:48.503566','4945751613006233','call number',''),('sVk3NpWTWu312SQq','mlibrary.acct.testing2@gmail.com','The Daffodil Sky','Jerrie Kreiger','998977111012626381','2020-08-04 04:00:00','2020-06-19 04:00:00','2021-05-20 15:47:48.564328','2021-05-20 15:47:48.564328','9272879919557956','call number',''),('T9l6rqni9fbTeNJ1','mlibrary.acct.testing2@gmail.com','The Torment of Others','Loren Gibson','996563680198946381','2019-05-25 04:00:00','2019-04-19 04:00:00','2021-05-20 15:47:48.464074','2021-05-20 15:47:48.464074','2499614039365807','call number',''),('T9tPht12Ldk8O21T','mlibrary.acct.testing1@gmail.com','The World, the Flesh and the Devil','Niesha Kautzer Ret.','999915344530706381','2020-03-21 04:00:00','2020-02-14 05:00:00','2021-05-20 15:47:48.391314','2021-05-20 15:47:48.391314','4189498090806783','call number',''),('TC6YKaNEVkuNsqCU','mlibrary.acct.testing3@gmail.com','The Wealth of Nations','Cary Blanda','993687901877106381','2019-07-17 04:00:00','2019-06-06 04:00:00','2021-05-20 15:47:48.682506','2021-05-20 15:47:48.682506','4626479009794877','call number',''),('TIwpY1UXZdistwcH','mlibrary.acct.testing1@gmail.com','Recalled to Life','Cassi Predovic DO','992518560722086381','2021-03-19 04:00:00','2021-02-13 05:00:00','2021-05-20 15:47:48.400988','2021-05-20 15:47:48.400988','5662345339718342','call number',''),('TVGVlk60uNQ4eF7C','mlibrary.acct.testing1@gmail.com','Jesting Pilate','Prof. Olivia Schmeler','998968934916716381','2020-08-25 04:00:00','2020-08-23 04:00:00','2021-05-20 15:47:48.436189','2021-05-20 15:47:48.436189','6426923406869470','call number',''),('U3npBhFfwwGl5ikO','mlibrary.acct.testing3@gmail.com','Quo Vadis','Rod Lebsack','999308815430796381','2020-05-24 04:00:00','2020-04-14 04:00:00','2021-05-20 15:47:48.710213','2021-05-20 15:47:48.710213','9953339395784333','call number',''),('UAqMK7MTTluAfUfC','mlibrary.acct.testing2@gmail.com','In a Dry Season','Orlando Leffler','991074284075316381','2021-04-27 04:00:00','2021-03-24 04:00:00','2021-05-20 15:47:48.574513','2021-05-20 15:47:48.574513','7764977116301841','call number',''),('UbZnwRT0UGsSt50U','mlibrary.acct.testing1@gmail.com','Of Mice and Men','Lynetta Dietrich','999797657665516381','2020-11-20 05:00:00','2020-11-02 05:00:00','2021-05-20 15:47:48.407719','2021-05-20 15:47:48.407719','1402540400355322','call number',''),('uR7gQFAqqIkIF1bM','mlibrary.acct.testing3@gmail.com','The Wealth of Nations','Ms. Ami Wiza','997485181381426381','2019-07-05 04:00:00','2019-06-26 04:00:00','2021-05-20 15:47:48.692544','2021-05-20 15:47:48.692544','4081385714679003','call number',''),('uYgsgbrW7YKHA8FJ','mlibrary.acct.testing2@gmail.com','The Painted Veil','Amb. Lane Satterfield','991684844298796381','2021-05-04 04:00:00','2021-03-15 04:00:00','2021-05-20 15:47:48.560437','2021-05-20 15:47:48.560437','1033504406334045','call number',''),('v8GHkZPHQPIf39kn','mlibrary.acct.testing2@gmail.com','Now Sleeps the Crimson Petal','Gregg Rau','992187854321596381','2019-06-24 04:00:00','2019-06-04 04:00:00','2021-05-20 15:47:48.529457','2021-05-20 15:47:48.529457','9065799892396943','call number',''),('vBiJUAe40MMMz3li','mlibrary.acct.testing1@gmail.com','Absalom, Absalom!','Carrol Monahan','994568678092566381','2021-01-21 05:00:00','2020-12-23 05:00:00','2021-05-20 15:47:48.433018','2021-05-20 15:47:48.433018','5926420326454676','call number',''),('vRudSFxoUdnY6ijH','mlibrary.acct.testing2@gmail.com','Taming a Sea Horse','Keiko Sipes','998103860138216381','2020-09-20 04:00:00','2020-08-26 04:00:00','2021-05-20 15:47:48.538580','2021-05-20 15:47:48.538580','9263392159572056','call number',''),('VS9G7esNLNO6c2Lt','mlibrary.acct.testing2@gmail.com','All the King\'s Men','Juan Dicki','994880540079646381','2019-09-28 04:00:00','2019-09-16 04:00:00','2021-05-20 15:47:48.454142','2021-05-20 15:47:48.454142','2771558711046245','call number',''),('vyHwk0R2IzZEQjfQ','mlibrary.acct.testing1@gmail.com','Now Sleeps the Crimson Petal','Kiyoko Schinner','996211699364496381','2019-11-24 05:00:00','2019-10-14 04:00:00','2021-05-20 15:47:48.442388','2021-05-20 15:47:48.442388','6912862127930168','call number',''),('W24g2L4jS6SkEHym','mlibrary.acct.testing2@gmail.com','Have His Carcase','Damien Harris','999927530741066381','2020-01-05 05:00:00','2019-12-13 05:00:00','2021-05-20 15:47:48.461001','2021-05-20 15:47:48.461001','5564835732089659','call number',''),('w8rV5NOEm4QrJEiY','mlibrary.acct.testing2@gmail.com','The Golden Bowl','Maude Mertz IV','998737515646816381','2020-11-01 04:00:00','2020-10-31 04:00:00','2021-05-20 15:47:48.577704','2021-05-20 15:47:48.577704','8178511313601075','call number',''),('wCyQyT5bZ0Nw9Iro','mlibrary.acct.testing3@gmail.com','The Daffodil Sky','Kandy Beer','996383960817126381','2019-09-21 04:00:00','2019-08-30 04:00:00','2021-05-20 15:47:48.689293','2021-05-20 15:47:48.689293','8807932564271795','call number',''),('wfxhzZifAcg6OZES','mlibrary.acct.testing1@gmail.com','The House of Mirth','Will Reynolds','995993582400986381','2021-02-06 05:00:00','2021-01-04 05:00:00','2021-05-20 15:47:48.430199','2021-05-20 15:47:48.430199','8117588366406008','call number',''),('wU6qJavGbShvPb5O','mlibrary.acct.testing2@gmail.com','Blood\'s a Rover','Gilbert Zulauf IV','994623646530396381','2021-02-28 05:00:00','2021-02-08 05:00:00','2021-05-20 15:47:48.486801','2021-05-20 15:47:48.486801','3023739192575848','call number',''),('XBUybVQohPr1PfPV','mlibrary.acct.testing3@gmail.com','To Say Nothing of the Dog','Ernesto Boyle','991367518394826381','2020-07-22 04:00:00','2020-06-29 04:00:00','2021-05-20 15:47:48.618320','2021-05-20 15:47:48.618320','4677599413486996','call number',''),('XluKkauWDEbyp8U5','mlibrary.acct.testing1@gmail.com','Beneath the Bleeding','Prof. Muriel Labadie','991776819375806381','2019-10-08 04:00:00','2019-09-13 04:00:00','2021-05-20 15:47:48.423588','2021-05-20 15:47:48.423588','7209735410174922','call number',''),('xTaxtKQ86Tnk4OkI','mlibrary.acct.testing3@gmail.com','An Acceptable Time','Don Bechtelar','991688520724596381','2021-02-09 05:00:00','2021-01-14 05:00:00','2021-05-20 15:47:48.674620','2021-05-20 15:47:48.674620','4149487496800634','call number',''),('xxYkklSoXBSxOuNq','mlibrary.acct.testing2@gmail.com','The Curious Incident of the Dog in the Night-Time','Cassy Prohaska','998449663648086381','2020-04-05 04:00:00','2020-03-07 05:00:00','2021-05-20 15:47:48.490447','2021-05-20 15:47:48.490447','1966884227145354','call number',''),('YF2n4c3qAzgiSmMJ','mlibrary.acct.testing1@gmail.com','For Whom the Bell Tolls','Isaac Bauch','999062488560456381','2020-10-23 04:00:00','2020-09-07 04:00:00','2021-05-20 15:47:48.330907','2021-05-20 15:47:48.330907','4749778798243234','call number',''),('YhJNTS7HNDIawkc9','mlibrary.acct.testing3@gmail.com','Of Mice and Men','Ms. Myrta Bins','993208612077406381','2020-05-09 04:00:00','2020-04-20 04:00:00','2021-05-20 15:47:48.703019','2021-05-20 15:47:48.703019','7122581734333670','call number',''),('zhDodynfV92QhbC4','mlibrary.acct.testing2@gmail.com','The Curious Incident of the Dog in the Night-Time','Louella Wyman','995892411199616381','2021-02-27 05:00:00','2021-02-02 05:00:00','2021-05-20 15:47:48.571425','2021-05-20 15:47:48.571425','5355092294402511','call number',''),('zL1jPIPe5M4HJr28','mlibrary.acct.testing3@gmail.com','No Longer at Ease','Son Wintheiser MD','998920359405216381','2021-03-10 05:00:00','2021-01-26 05:00:00','2021-05-20 15:47:48.679055','2021-05-20 15:47:48.679055','6340663439613935','call number',''),('ZPaHvaSZGqGKBLBX','mlibrary.acct.testing2@gmail.com','The Monkey\'s Raincoat','Dana Wehner JD','995507780379096381','2019-07-01 04:00:00','2019-06-29 04:00:00','2021-05-20 15:47:48.581013','2021-05-20 15:47:48.581013','2950783990136087','call number',''),('zR5GpbtHkTfrAeVV','mlibrary.acct.testing3@gmail.com','Fame Is the Spur','Jackie Stroman','998506320663126381','2021-05-15 04:00:00','2021-04-24 04:00:00','2021-05-20 15:47:48.706318','2021-05-20 15:47:48.706318','3779728329868781','call number',''),('ZwbdR4Fa0SSkwWIu','mlibrary.acct.testing2@gmail.com','Stranger in a Strange Land','Jonah Quigley','996587597547506381','2019-08-06 04:00:00','2019-07-05 04:00:00','2021-05-20 15:47:48.473615','2021-05-20 15:47:48.473615','3580090071602299','call number','');
/*!40000 ALTER TABLE `loans` ENABLE KEYS */;
UNLOCK TABLES;

--
-- Table structure for table `schema_migrations`
--

DROP TABLE IF EXISTS `schema_migrations`;
/*!40101 SET @saved_cs_client     = @@character_set_client */;
/*!40101 SET character_set_client = utf8 */;
CREATE TABLE `schema_migrations` (
  `version` varchar(255) NOT NULL,
  PRIMARY KEY (`version`)
) ENGINE=InnoDB DEFAULT CHARSET=utf8mb4;
/*!40101 SET character_set_client = @saved_cs_client */;

--
-- Dumping data for table `schema_migrations`
--

LOCK TABLES `schema_migrations` WRITE;
/*!40000 ALTER TABLE `schema_migrations` DISABLE KEYS */;
INSERT INTO `schema_migrations` VALUES ('20210208204259'),('20210209194645'),('20210312215253'),('20210315153447'),('20210322192133'),('20210406205544'),('20210506133110');
/*!40000 ALTER TABLE `schema_migrations` ENABLE KEYS */;
UNLOCK TABLES;

--
-- Table structure for table `users`
--

DROP TABLE IF EXISTS `users`;
/*!40101 SET @saved_cs_client     = @@character_set_client */;
/*!40101 SET character_set_client = utf8 */;
CREATE TABLE `users` (
  `uniqname` varchar(255) NOT NULL,
  `retain_history` tinyint(1) DEFAULT 0,
  `confirmed` tinyint(1) DEFAULT 0,
  `created_at` datetime(6) NOT NULL,
  `updated_at` datetime(6) NOT NULL,
  PRIMARY KEY (`uniqname`)
) ENGINE=InnoDB DEFAULT CHARSET=utf8mb4;
/*!40101 SET character_set_client = @saved_cs_client */;

--
-- Dumping data for table `users`
--

LOCK TABLES `users` WRITE;
/*!40000 ALTER TABLE `users` DISABLE KEYS */;
INSERT INTO `users` VALUES ('ajones',1,1,'2021-05-20 15:47:48.197128','2021-05-20 15:47:48.197128'),('mlibrary.acct.testing1@gmail.com',1,0,'2021-05-20 15:47:48.199693','2021-05-20 15:47:48.199693'),('mlibrary.acct.testing2@gmail.com',1,0,'2021-05-20 15:47:48.450703','2021-05-20 15:47:48.450703'),('mlibrary.acct.testing3@gmail.com',1,0,'2021-05-20 15:47:48.586127','2021-05-20 15:47:48.586127');
/*!40000 ALTER TABLE `users` ENABLE KEYS */;
UNLOCK TABLES;
/*!40103 SET TIME_ZONE=@OLD_TIME_ZONE */;

/*!40101 SET SQL_MODE=@OLD_SQL_MODE */;
/*!40014 SET FOREIGN_KEY_CHECKS=@OLD_FOREIGN_KEY_CHECKS */;
/*!40014 SET UNIQUE_CHECKS=@OLD_UNIQUE_CHECKS */;
/*!40101 SET CHARACTER_SET_CLIENT=@OLD_CHARACTER_SET_CLIENT */;
/*!40101 SET CHARACTER_SET_RESULTS=@OLD_CHARACTER_SET_RESULTS */;
/*!40101 SET COLLATION_CONNECTION=@OLD_COLLATION_CONNECTION */;
/*!40111 SET SQL_NOTES=@OLD_SQL_NOTES */;

-- Dump completed on 2021-05-21 19:38:15
